"","2.5% plastic","Mean plastic (%)","97.5% plastic"
"Crabs",0.00832457634899953,0.0197916666666667,0.0312587569843338
"No crabs",0.0296657417911907,0.0484375,0.0672092582088093
