"","2.5% plastic","Mean plastic (%)","97.5% plastic"
"Crabs",0.033638026681741,0.0522727272727273,0.0709074278637135
"No crabs",0.0437567214794096,0.0652777777777778,0.0867988340761459
